cluster,Origin,Square
Number,977,31.25699922
Number,581,24.10394159
Number,193,13.89244399
Number,138,11.74734012
Number,106,10.29563014
Number,104,10.19803903
Number,92,9.591663047
Number,86,9.273618495
Number,81,9
Number,77,8.774964387
Number,74,8.602325267
Number,69,8.306623863
Number,63,7.937253933
Number,62,7.874007874
Number,61,7.810249676
Number,61,7.810249676
Number,55,7.416198487
Number,53,7.280109889
Number,53,7.280109889
Number,52,7.211102551
Number,49,7
Number,48,6.92820323
Number,47,6.8556546
Number,45,6.708203932
Number,42,6.480740698
Number,42,6.480740698
Number,41,6.403124237
Number,39,6.244997998
Number,39,6.244997998
Number,36,6
Number,35,5.916079783
Number,34,5.830951895
Number,34,5.830951895
Number,32,5.656854249
Number,32,5.656854249
Number,31,5.567764363
Number,31,5.567764363
Number,31,5.567764363
Number,30,5.477225575
Number,30,5.477225575
Number,30,5.477225575
Number,29,5.385164807
Number,28,5.291502622
Number,28,5.291502622
Number,28,5.291502622
Number,27,5.196152423
Number,27,5.196152423
Number,26,5.099019514
Number,26,5.099019514
Number,25,5
Number,25,5
Number,24,4.898979486
Number,24,4.898979486
Number,23,4.795831523
Number,22,4.69041576
Number,22,4.69041576
Number,22,4.69041576
Number,22,4.69041576
Number,22,4.69041576
Number,21,4.582575695
Number,21,4.582575695
Number,21,4.582575695
Number,21,4.582575695
Number,21,4.582575695
Number,20,4.472135955
Number,20,4.472135955
Number,19,4.358898944
Number,19,4.358898944
Number,18,4.242640687
Number,17,4.123105626
Number,16,4
Number,16,4
Number,16,4
Number,15,3.872983346
Number,15,3.872983346
Number,15,3.872983346
Number,15,3.872983346
Number,14,3.741657387
Number,14,3.741657387
Number,13,3.605551275
Number,13,3.605551275
Number,13,3.605551275
Number,13,3.605551275
Number,13,3.605551275
Number,13,3.605551275
Number,12,3.464101615
Number,12,3.464101615
Number,12,3.464101615
Number,12,3.464101615
Number,11,3.31662479
Number,10,3.16227766
Number,10,3.16227766
Number,10,3.16227766
Number,10,3.16227766
Number,10,3.16227766
Number,9,3
Number,9,3
Number,9,3
Number,9,3
Number,9,3
Number,8,2.828427125
Number,8,2.828427125
Number,8,2.828427125
Number,8,2.828427125
Number,7,2.645751311
Number,7,2.645751311
Number,7,2.645751311
Number,7,2.645751311
Number,7,2.645751311
Number,7,2.645751311
Number,6,2.449489743
Number,6,2.449489743
Number,6,2.449489743
Number,6,2.449489743
Number,5,2.236067977
Number,5,2.236067977
Number,5,2.236067977
Number,5,2.236067977
Number,4,2
Number,4,2
Number,4,2
Number,4,2
Number,4,2
Number,4,2
Number,3,1.732050808
Number,3,1.732050808
