Number,Heavy,Light,HCDR1,HCDR2,HCDR3,HFR,LCDR1,LCDR2,LCDR3,LFR
LP1,0.94811463,0.62868774,0.9977027,0.99762803,0.4791311,0.9960896,0.6402762,0.83148634,0.6139903,0.6174005
LP2,0.97113794,0.6862836,0.99687225,0.9976042,0.68125516,0.995041,0.3805312,0.9682062,0.27376854,0.74567926
LP3,0.9825958,0.6117377,0.9992009,0.9924301,0.8381048,0.9977102,0.13134408,0.96642715,0.3721702,0.6671697
LP4,0.97068536,0.7329733,0.9977595,0.99519336,0.6939513,0.996463,0.5035058,0.9298148,0.63548553,0.7585855
LP5,0.9721671,0.6776736,0.9979208,0.99772215,0.6987833,0.9975907,0.38785994,0.5750332,0.035114944,0.778145
LP6,0.9640027,0.5715864,0.9977595,0.9840671,0.66636336,0.9953368,-0.30002534,0.9387816,0.16498834,0.6908618
LP7,0.9526404,0.67557245,0.998823,0.9983017,0.5612632,0.9915503,0.24952805,0.79230636,0.35724813,0.74230564
LP8,0.96080476,0.6513807,0.99338454,0.993522,0.6159059,0.9968275,0.64749527,0.5061692,0.46397072,0.6799854
LP9,0.9699191,0.7175307,0.99633306,0.9951426,0.7073405,0.99706197,0.6500264,0.7553198,0.3314218,0.7623352
LP10,0.9572379,0.5954665,0.99520385,0.99450034,0.5789766,0.9963704,0.09665364,0.98017764,0.15353918,0.67781115
LP11,0.9437068,0.63377607,0.99857503,0.9966975,0.44537133,0.9944346,0.089152575,0.670975,0.22704226,0.72741145
LP12,0.95951426,0.67802525,0.99764,0.9960493,0.6002463,0.9962972,0.17383504,0.8224725,0.3102277,0.76766723
LP13,0.9724464,0.6508533,0.9984944,0.9918954,0.749647,0.9952621,0.22836006,0.6895945,0.2974816,0.7346079
LP14,0.96304524,0.6900332,0.99848396,0.99751455,0.5891813,0.99364895,-0.13948977,0.64705485,0.5986017,0.7903706
LP15,0.95738727,0.72796327,0.99844956,0.99043906,0.59011185,0.99525166,0.9333504,0.9555211,0.19860125,0.75789094
LP16,0.94962025,0.72173125,0.9984451,0.99711126,0.49606776,0.9959402,0.36965823,0.9414503,0.48628765,0.7749855
LP17,0.9677727,0.6549337,0.996,0.9966482,0.66596305,0.9958073,0.336007,0.9526122,0.3300866,0.7092428
LP18,0.9620475,0.7042398,0.99871397,0.99610305,0.6390487,0.9946736,0.18058753,0.70674306,0.57060456,0.7734989
LP19,0.97047323,0.7340421,0.99784166,0.9974518,0.70086396,0.9982016,0.73181564,0.95756125,0.27461284,0.76984143
LP20,0.97283924,0.666832,0.9962449,0.9939327,0.7459413,0.99628824,0.32723695,0.8285792,0.3054666,0.73556876
LP21,0.94761425,0.6577537,0.99725765,0.9971322,0.42122328,0.9968633,0.16346687,0.7481599,0.41581005,0.7330307
LP22,0.9712141,0.59391546,0.9989873,0.97844195,0.74595773,0.99553394,0.1186555,0.94781286,0.04403305,0.6762618
LP23,0.95292866,0.72051096,0.9900552,0.9798684,0.5231479,0.9949544,0.45886153,0.91787475,0.39556986,0.76776123
LP24,0.9561027,0.628505,0.9982255,0.997885,0.4701228,0.9968006,-0.034762025,0.64029187,0.08379096,0.7622951
LP25,0.9780581,0.71290374,0.9980941,0.9838923,0.8156804,0.99548763,0.5681448,0.97553843,0.120317936,0.78090245
LP26,0.94636106,0.71871793,0.9956251,0.99654365,0.46471727,0.9959148,0.39231116,0.9449005,0.41061902,0.76861244
LP27,0.96409976,0.6839317,0.99796414,0.9985063,0.63459015,0.9978327,0.08851546,0.92191684,0.58261776,0.743801
LP28,0.94866127,0.6969006,0.9964033,0.997165,0.4812088,0.9967647,0.6224296,0.63762677,0.18770045,0.7628609
LP29,0.965356,0.7348777,0.99397606,0.9902658,0.6156863,0.9953069,0.1270861,0.9496581,0.57431424,0.8108109
LP30,0.99013436,0.6693056,0.9984944,0.99302757,0.9559997,0.99312466,-0.11640692,0.73264253,0.57914317,0.758582
LP31,0.9461982,0.623824,0.9989529,0.9982106,0.4465304,0.9974503,0.000793576,0.9211596,0.25847048,0.71115077
LP32,0.9553902,0.60943115,0.9989141,0.99807316,0.559659,0.9954936,0.3796469,0.9561234,0.25598115,0.65224063
LP33,0.9542446,0.6888442,0.99875724,0.9848453,0.6046586,0.989749,-0.24830306,0.4980154,0.5166348,0.81804043
LP34,0.9554037,0.7212212,0.99245846,0.9956639,0.503085,0.99333376,0.23883438,0.5981874,0.5578202,0.7984548
LP35,0.97792065,0.5848947,0.9989574,0.99610305,0.80412096,0.9952711,-0.27074528,0.96195155,0.44762123,0.668538
LP36,0.96009976,0.6486163,0.99908286,0.99773115,0.5915099,0.99784315,-0.20077074,0.88291097,0.3798262,0.7505744
LP37,0.94985175,0.64767283,0.9921687,0.9831679,0.5440891,0.9924391,-0.08545387,0.5659532,0.17957962,0.7853484
LP38,0.9569705,0.68468726,0.9977789,0.99192077,0.56979054,0.997177,0.27372158,0.8514514,0.20040995,0.77043855
LP39,0.9558727,0.78217846,0.99720985,0.9894652,0.57098544,0.99588346,0.86757463,0.87132084,0.24616659,0.82373977
LP40,0.96663004,0.5943524,0.99627334,0.99701416,0.67523575,0.99647045,0.37349844,0.96459234,0.69695634,0.5828719
LP41,0.9736025,0.7154975,0.99652123,0.997047,0.7269807,0.9965123,0.034519613,0.55885947,0.43067294,0.8269185
LP42,0.9859088,0.6462001,0.9984212,0.9830753,0.984687,0.9849379,0.016678274,0.94749606,0.3503616,0.72315
LP43,0.9597428,0.71264255,0.998348,0.9969858,0.591949,0.9974727,0.5051857,0.89425224,0.37840742,0.7567002
LP44,0.994115,0.7337915,0.99843013,0.997873,0.958503,0.9968409,0.53366673,0.58151937,0.36875826,0.80455106
LP45,0.96839106,0.67184544,0.99375796,0.9938222,0.71123147,0.99494696,0.21521711,0.65407026,0.52503073,0.7436008
LP46,0.94381136,0.7011864,0.99922776,0.9994309,0.4212591,0.9972786,0.57717085,0.87072897,0.2893225,0.75409424
LP47,0.9617592,0.5638799,0.99921584,0.9989619,0.69451,0.9807706,0.4589886,0.47214204,0.13947356,0.6250286
LP48,0.97983855,0.6876396,0.99774754,0.992929,0.8149306,0.9970067,-0.04012549,0.80773675,0.38149214,0.79379123
LP49,0.9559504,0.7823003,0.99715906,0.9971576,0.55016375,0.997767,0.94023865,0.9441259,0.57790375,0.77607
LP50,0.97835535,0.62504256,0.9986169,0.9970291,0.79760706,0.99661535,-0.44988823,0.58124256,0.3296914,0.7736851
LP51,0.9446329,0.6436986,0.9980687,0.9980403,0.42854673,0.99774605,0.09253317,0.5277881,0.09367514,0.77355456
LP52,0.96731114,0.67273843,0.9955459,0.9931695,0.6947086,0.9954443,0.11130583,0.8335178,0.292543,0.76740956
LP53,0.9501505,0.71132827,0.99765944,0.99569374,0.49140155,0.9975056,0.1046021,0.88157755,0.31909353,0.8188813
LP54,0.9521699,0.60570765,0.997764,0.9984227,0.52728236,0.99534726,-0.27747,0.98373234,0.53064996,0.69618165
LP55,0.9872695,0.73446167,0.9985541,0.9981508,0.9107193,0.99259293,0.6672863,0.4310019,0.57051754,0.77725375
LP56,0.9421803,0.68136233,0.9994996,0.9980687,0.45130718,0.9913457,0.045004368,0.83707076,0.373716,0.783303
LP57,0.97040904,0.59367526,0.99871695,0.9962539,0.713115,0.99660045,-0.037858963,0.9936757,0.32628125,0.66873986
LP58,0.9814786,0.7484802,0.9986258,0.9977789,0.8127439,0.99499774,0.6836288,0.9775212,0.58038086,0.75844973
LP59,0.9642522,0.7215049,0.994454,0.9849827,0.649706,0.9944555,0.35234606,0.7962841,0.3001154,0.809857
LP60,0.9681805,0.7536295,0.9989873,0.993507,0.6780632,0.9983017,0.14792335,0.79795873,0.40691984,0.8517822
LP61,0.96124244,0.69293684,0.9983749,0.9944361,0.6172263,0.996581,0.10259318,0.9303997,0.34328002,0.77569747
LP62,0.9744389,0.679759,0.998357,0.9964242,0.75643426,0.9966049,0.60593736,0.91595817,0.4607033,0.6976962
LP63,0.94723934,0.71805644,0.9993054,0.99918294,0.5113689,0.9904346,0.4138273,0.9116497,0.74749494,0.732216
LP64,0.9442535,0.67954147,0.997764,0.9929111,0.4383003,0.99660194,0.6427429,0.8499561,0.4720428,0.6957413
LP65,0.9706331,0.57653546,0.99602085,0.99421805,0.67824095,0.9951635,0.055055737,0.6127474,0.32792628,0.658659
LP66,0.9687824,0.5504497,0.99610305,0.99239725,0.6987415,0.99695146,0.33165503,0.27526563,0.35020667,0.61550826
LP67,0.9515157,0.71816784,0.99532336,0.99326056,0.53849375,0.9938984,0.5232899,0.6432564,0.29793596,0.79003114
LP68,0.965465,0.5714123,0.9989216,0.9978073,0.65997946,0.9964346,0.23439014,0.9173612,0.3752427,0.607518
LP69,0.96953523,0.6112851,0.99826735,0.9958521,0.6985608,0.99735624,0.08393717,0.97704595,0.18818957,0.69553936
LP70,0.97908276,0.6344446,0.9954279,0.99416274,0.8428621,0.991038,0.03254211,0.82435954,0.3628291,0.71895295
LP71,0.96896917,0.5819249,0.9956325,0.9907871,0.7122098,0.99573857,0.38799572,0.25534403,0.23166233,0.664743
LP72,0.9703747,0.67847437,0.9972875,0.995283,0.7208402,0.99584913,0.04001528,0.90296835,0.14747602,0.79559296
LP73,0.95972186,0.64922905,0.99875426,0.998227,0.58549047,0.9980807,0.92314065,0.7266403,0.010430574,0.6806556
LP74,0.9532842,0.6354351,0.99819267,0.9986736,0.5257484,0.9969723,-0.15923035,0.87836576,0.20688218,0.7561571
LP75,0.96530366,0.64339566,0.99762654,0.9974832,0.6532908,0.99724567,0.2330358,0.669659,0.22712934,0.72920275
LP76,0.96324694,0.6385598,0.9966841,0.9962763,0.6142241,0.9956609,0.062161624,0.9828062,0.5349132,0.69050497
LP77,0.96390563,0.6336595,0.99718,0.9938237,0.65506977,0.9955907,0.04213208,0.95972335,0.2915107,0.71750116
LP78,0.95753515,0.6514834,0.9969619,0.9974981,0.5856876,0.9953786,0.20833403,0.44180006,0.34988284,0.7423283
LP79,0.96934706,0.60355425,0.9977341,0.99913067,0.68447554,0.99857056,-0.09204805,0.38006818,0.3162508,0.72411615
LP80,0.95602506,0.618102,0.9973398,0.9974369,0.5515753,0.99763554,-0.21230698,0.89981407,0.035677254,0.7587387
LP81,0.95543504,0.67165565,0.99776995,0.98602676,0.5720579,0.9954757,0.34794712,0.7071556,0.13831943,0.75385404
LP82,0.9758221,0.64054084,0.9945825,0.9925526,0.77397585,0.99482894,0.18200457,0.8762124,0.06880969,0.7425964
LP83,0.9631334,0.6093824,0.99551153,0.99729496,0.5794366,0.9951426,-0.08925748,0.77868986,0.18801898,0.7182079
LP84,0.96963084,0.64268374,0.9956624,0.9938879,0.7252525,0.9946288,0.3024968,0.5748956,0.13945442,0.7397136
LP85,0.959338,0.72538865,0.9972367,0.9962076,0.5960536,0.9966198,0.18865788,0.67901397,0.4508295,0.81700814
LP86,0.9518294,0.73154235,0.99511874,0.99475276,0.51558995,0.9970918,0.9055221,0.57278055,0.524397,0.7488406
LP87,0.96018493,0.60898554,0.999404,0.9992696,0.602448,0.99635845,0.10096729,0.49357635,0.4810862,0.68285596
LP88,0.97680193,0.6673124,0.9986348,0.99182814,0.78403413,0.9946153,0.13972253,0.7595308,0.45171386,0.74915564
LP89,0.96746206,0.6980548,0.99671245,0.9932531,0.6671221,0.99555933,0.018701077,0.4272349,0.17810345,0.8472126
LP90,0.9663642,0.6456013,0.9977983,0.99890214,0.6395655,0.9965004,-0.07671857,0.89069057,0.4828601,0.7251589
LP91,0.9572379,0.6358442,0.9974966,0.9975175,0.5654111,0.99749213,0.047932386,0.62411475,0.35373175,0.7387405
LP92,0.9651349,0.72787106,0.9994339,0.99838537,0.6449547,0.9977655,0.40125704,0.85789585,0.20453036,0.8100885
LP93,0.9457875,0.6868423,0.99892306,0.9983465,0.43815547,0.9979492,0.36452115,0.9127168,0.18542695,0.76449376
LP94,0.97917384,0.6613206,0.99725163,0.9966467,0.7900835,0.99671096,0.10016829,0.9485997,0.53324026,0.7174907
LP95,0.9663672,0.66708785,0.9990022,0.9967752,0.6644231,0.99720085,-0.14342737,0.7969177,0.12680238,0.80935913
LP96,0.97885567,0.6303642,0.99859595,0.9984078,0.7528106,0.99762356,0.1697703,0.9949482,0.4686761,0.68218744
LP97,0.95065385,0.6273073,0.9993667,0.99331886,0.47411388,0.98951596,-0.13561475,0.9793438,0.5420922,0.6959032
LP98,0.94787115,0.6679095,0.9992935,0.999292,0.45750886,0.99814934,0.26177275,0.94480824,0.43187058,0.72229874
LP99,0.9625464,0.6855141,0.9965138,0.9956893,0.6087632,0.99543685,0.52600205,0.9388269,0.05285883,0.76394194
LP100,0.97236127,0.5533899,0.99758476,0.9928797,0.8461646,0.9801059,-0.33931673,0.52313673,0.12805402,0.70025516
RF1,0.7760117,0.60726035,0.3509001,0.44511145,0.31316566,0.9054033,-0.6790041,0.6087383,0.16101235,0.74637735
RF2,0.7649511,0.65259403,0.32669377,0.3437156,0.5984554,0.8770162,-0.07674122,0.12628013,0.26272672,0.7976593
RF3,0.73963654,0.6887607,0.33052057,0.46321315,0.38845527,0.8706995,0.021801412,0.13115436,0.12781203,0.8452316
RF4,0.7719997,0.5560568,0.3592915,0.36350065,0.4292323,0.9017348,-0.29484832,0.5611938,-0.36332405,0.7656044
RF5,0.7584283,0.54285467,0.38541865,0.46692044,0.3064233,0.907478,-0.20928144,-0.34597874,-0.16285634,0.73278177
RF6,0.8037296,0.62358725,0.3060977,0.4818421,0.8133548,0.89719117,-0.78854156,0.9258023,0.17015153,0.7330116
RF7,0.7612932,0.60397553,0.29040372,0.4718585,0.4599614,0.8900798,-0.7509439,0.5446842,-0.0760206,0.7767855
RF8,0.7403699,0.60010225,0.32899106,0.54662085,0.33823085,0.86984366,-0.1428268,0.81761223,-0.25157404,0.74968314
RF9,0.7630168,0.56966627,0.41849732,0.50640243,0.31675792,0.8832194,-0.44802904,0.5798534,-0.07146311,0.7656131
RF10,0.7698653,0.64098823,0.37715274,0.5092493,0.31578708,0.9127282,-0.02729237,0.48796755,0.07821518,0.77258146
RF11,0.7430346,0.61714983,0.23191339,0.4178536,0.2530039,0.9126132,0.060279846,0.61620283,-0.024740338,0.75184864
RF12,0.72088206,0.5886618,0.09930444,0.49781835,0.22674829,0.89791703,-0.16775668,0.19051874,-0.15430033,0.7624118
RF13,0.76208776,0.5981543,0.28804076,0.5266386,0.3470853,0.8912538,-0.28326857,0.89185864,-0.16163433,0.75732344
RF14,0.75240135,0.6168957,0.2873208,0.5200605,0.3213629,0.90190214,-0.18319404,0.57305384,0.062295675,0.7633361
RF15,0.7419487,0.6202101,0.2694984,0.4624977,0.30704612,0.89336735,-0.014401794,0.9586371,-0.27991748,0.78204966
RF16,0.762152,0.61652136,0.26009434,0.5817428,0.29033655,0.900292,-0.27732897,0.5269264,-0.15703869,0.7675419
RF17,0.7712753,0.58643705,0.3153121,0.43398064,0.42088568,0.90260714,-0.81745255,0.1500802,0.19134915,0.7330603
RF18,0.77958006,0.5986887,0.46372098,0.39935905,0.5422638,0.894734,-0.25595903,0.36351848,-0.15302444,0.78351533
RF19,0.76404446,0.62633073,0.45056182,0.29156882,0.35118538,0.92082983,-0.76327395,0.1559658,0.045603216,0.8152761
RF20,0.7435454,0.5843655,0.21006256,0.32700896,0.39845538,0.9004488,-0.1603862,0.5782589,-0.50896895,0.7721689
RF21,0.7915443,0.6187705,0.5089984,0.5075824,0.51361835,0.897808,-0.23409295,0.115410626,-0.041028976,0.791429
RF22,0.7801596,0.6407671,0.42656314,0.4809907,0.42921287,0.8992957,0.11889917,0.2980752,0.105989516,0.7728722
RF23,0.7814232,0.61927354,0.3271643,0.50503874,0.4553789,0.9139396,-0.7758477,0.5203967,0.11135286,0.75616235
RF24,0.7703373,0.60935104,0.32930022,0.42281252,0.5179858,0.8926818,-0.759009,0.61784613,0.22620845,0.7309871
RF25,0.77590567,0.64657617,0.3968736,0.48395717,0.41012686,0.9032584,0.17158943,0.44522768,0.23693866,0.74622416
RF26,0.79600585,0.64922214,0.24609572,0.52117926,0.6413923,0.9031688,-0.08396721,0.50908333,-0.16432214,0.8219886
RF27,0.7514454,0.5962412,0.24339068,0.43294406,0.36441922,0.8998409,-0.18322015,0.19353032,-0.2318213,0.7916884
RF28,0.7839714,0.67807746,0.33361393,0.48869205,0.62880814,0.88016933,0.07570845,0.7375829,0.16872406,0.79343784
RF29,0.7437157,0.6716366,0.23338461,0.41326356,0.3005756,0.90159297,0.21756887,0.16276884,0.3038668,0.783007
RF30,0.73823994,0.6403493,0.2078594,0.34074765,0.36372173,0.9009806,-0.2739048,0.9193997,-0.14183986,0.8141585
RF31,0.79451966,0.5627954,0.35894948,0.49479514,0.3891797,0.9115049,-0.63412297,0.964615,-0.22014225,0.7748288
RF32,0.8152577,0.58069074,0.44462,0.48273683,0.6410099,0.9078305,-0.37048912,-0.29756045,-0.06431198,0.77654874
RF33,0.7733873,0.5685226,0.4124077,0.42787308,0.51676995,0.88969296,-0.55990446,-0.3362565,0.13706434,0.7297859
RF34,0.76555604,0.6490394,0.40724558,0.47718787,0.36582476,0.89021575,-0.5196835,0.13895482,0.3195461,0.7933856
RF35,0.77790713,0.6184763,0.3756531,0.39921564,0.5805793,0.8833389,-1.2014639,0.1124478,0.341017,0.78386354
RF36,0.7793919,0.625852,0.42126662,0.47917295,0.40269887,0.90245926,-0.30398226,0.50640774,-0.18626821,0.7853972
RF37,0.75334984,0.71052057,0.19908714,0.46198982,0.35822952,0.8960231,-0.14475393,0.9447421,0.3448137,0.7860465
RF38,0.76400113,0.6024245,0.44583887,0.46452755,0.29500574,0.89415,-0.59350514,0.6289402,-0.14895964,0.7608642
RF39,0.7492557,0.6421423,0.33727342,0.46227366,0.30490273,0.9010627,-0.23307633,0.6294676,-0.038337708,0.7772659
RF40,0.76517516,0.61634904,0.11062938,0.34304792,0.45041543,0.91095823,0.0357399,0.039647996,0.017734945,0.761416
RF41,0.75603694,0.6212964,0.31281465,0.53387094,0.28023338,0.9091225,-0.7451141,0.6190751,0.22680551,0.7400078
RF42,0.7731857,0.6235403,0.33752435,0.4956988,0.31274295,0.9027132,-0.23843098,0.5097761,-0.17789507,0.78692037
RF43,0.7683492,0.58934766,0.26234823,0.52204406,0.36140501,0.92031753,0.26829898,0.92911506,-0.6885836,0.7369162
RF44,0.7541788,0.55731714,0.19451952,0.47119975,0.34246838,0.90318817,-0.7915044,0.26695335,-0.3381313,0.7610992
RF45,0.80440474,0.59874964,0.4026361,0.42470503,0.4212337,0.9205117,-0.23075068,0.38575882,0.016897619,0.74842453
RF46,0.7582102,0.62311554,0.1937443,0.45810032,0.25482917,0.90406644,0.14003235,-0.19180918,-0.067898035,0.78199565
RF47,0.7524686,0.60140955,0.23669606,0.52433383,0.28680104,0.91304934,-0.9918536,0.6249294,-0.28494322,0.79016346
RF48,0.77715135,0.59524894,0.42193276,0.44432878,0.30701774,0.90475357,0.14038926,0.5594635,-0.16183281,0.7205405
RF49,0.7548241,0.68129444,0.28295332,0.4937033,0.33100897,0.8974929,0.0728727,0.97297424,-0.1278578,0.8245597
RF50,0.7797294,0.6108134,0.4765904,0.58300346,0.448753,0.89008725,-0.20053399,0.13629317,-0.14479911,0.8151838
RF51,0.80198354,0.62095344,0.35236835,0.44299793,0.65427816,0.90832937,-0.1351099,0.8257069,-0.40441704,0.8202669
RF52,0.7693619,0.51744956,0.41908735,0.4900065,0.504156,0.87796915,-0.7437806,0.14032829,-0.6690624,0.7421907
RF53,0.77712893,0.65667963,0.25359237,0.43368644,0.4374116,0.90018296,-0.056518435,0.93852574,0.089004576,0.77445805
RF54,0.7584134,0.6511805,0.12909853,0.46436924,0.33792615,0.9131345,0.03094405,0.13247037,0.17728877,0.7829531
RF55,0.78764737,0.6274553,0.23866624,0.4754343,0.45622128,0.9094825,-0.40458596,0.45939767,0.4203518,0.73376185
RF56,0.78432244,0.5274869,0.43411058,0.38245523,0.4392832,0.8943741,-0.4391023,0.20742011,-0.31954312,0.75136995
RF57,0.7941836,0.70170176,0.3907137,0.5043098,0.44096655,0.9061337,0.37632895,0.78923213,-0.32628,0.83691233
RF58,0.75591594,0.66232854,0.4002403,0.49636054,0.33138686,0.89478636,-0.114845395,0.84895515,0.21329874,0.76708925
RF59,0.74865973,0.6451069,0.1876412,0.45553422,0.2830056,0.91128534,-0.45958972,0.15751863,0.41956842,0.7867898
RF60,0.7518308,0.60254455,0.24350268,0.47954935,0.45795393,0.8853374,-0.7431017,0.08581197,0.18987644,0.76814246
RF61,0.73804575,0.6514782,0.25105166,0.48234248,0.26854694,0.89907765,-0.27265322,0.7143381,-0.01483357,0.7951804
RF62,0.7846466,0.6678503,0.2877779,0.46846336,0.39009386,0.9143384,-0.17842948,0.43155378,0.17298204,0.79828596
RF63,0.8002046,0.6414547,0.42865127,0.47662628,0.54277015,0.90644586,-0.18889332,0.9694596,0.007173538,0.78795266
RF64,0.78240156,0.6012355,0.27260226,0.41727102,0.41617322,0.9124205,0.2004726,0.12451148,-0.21182477,0.7630768
RF65,0.79334414,0.55801344,0.1892469,0.46125793,0.59578323,0.91691643,-1.1809366,0.2729051,-0.22373354,0.7719078
RF66,0.79681844,0.65228415,0.41885734,0.4681303,0.44926977,0.91776633,-0.35690224,0.88301545,-0.25569963,0.8328093
RF67,0.7523715,0.6066198,0.3490808,0.48209906,0.42545784,0.88214993,-0.69641197,0.47036815,0.10605216,0.75116456
RF68,0.77807146,0.58724475,0.31513435,0.5051836,0.25547892,0.9167611,-0.26153827,0.5341646,-0.34078598,0.76064837
RF69,0.7740819,0.56234103,0.2958272,0.52535856,0.52227557,0.8950477,-0.54479086,-0.27146602,-0.16083527,0.76303494
RF70,0.80681103,0.48896676,0.42710978,0.44500238,0.65879047,0.90201116,-0.6327461,-0.2239511,-0.46637177,0.75357205
RF71,0.7702551,0.6633313,0.18448508,0.48767042,0.5099319,0.9059694,-0.04307604,0.93963635,-0.07054746,0.8003053
RF72,0.7607435,0.6478243,0.286211,0.4868384,0.28250372,0.90728235,-0.39296436,0.789152,-0.28803313,0.83969414
RF73,0.7768511,0.6404033,0.32432783,0.4456178,0.25935793,0.91456246,-0.07856381,0.20905119,0.43065375,0.7726633
RF74,0.7744688,0.58915615,0.43043768,0.46712804,0.35734677,0.90188724,-1.0946977,0.6277826,-0.10739827,0.7538523
RF75,0.8107543,0.67947006,0.34970367,0.4800049,0.65092933,0.9126147,0.22358507,0.48901027,0.091514826,0.78879344
RF76,0.7843165,0.6104739,0.2442047,0.44691128,0.41927254,0.9103668,-0.26891923,0.51879346,-0.0957315,0.7720958
RF77,0.7736696,0.5770542,0.41565937,0.5037661,0.29749417,0.9114332,-0.61560977,0.55321586,-0.10046816,0.7845999
RF78,0.7651214,0.62561005,0.22196704,0.48865026,0.38950682,0.90250856,-0.463315,0.95069736,-0.08392024,0.80326116
RF79,0.7585567,0.5668114,0.20045531,0.4412294,0.3047235,0.90627706,-0.53538895,-0.20614636,-0.18589222,0.7802514
RF80,0.7475081,0.65760756,0.36623853,0.3908571,0.2528575,0.9120292,-0.033510447,0.9226115,-0.16534042,0.78529096
RF81,0.77703786,0.6251975,0.4101478,0.47936565,0.467134,0.89232326,-0.78366554,0.54634494,0.16923934,0.75682384
RF82,0.736328,0.6488043,0.082314014,0.424587,0.22084081,0.9249628,-0.094969034,0.45592833,0.2660917,0.7750273
RF83,0.7716248,0.62579286,0.38040292,0.58500946,0.33458036,0.9032106,-0.11062741,0.6741746,-0.07187915,0.7666314
RF84,0.7695561,0.7035348,0.30694157,0.36328703,0.32647723,0.91532123,0.2289415,0.63628805,0.08957386,0.81713176
RF85,0.7907078,0.65596074,0.43954158,0.5108416,0.64078283,0.8818467,0.41010547,0.5651176,0.03048098,0.7579275
RF86,0.770394,0.6170767,0.3893873,0.44683814,0.2995569,0.9054167,-0.36701274,0.4554165,-0.016868472,0.79144293
RF87,0.76218486,0.5680543,0.21102595,0.44447064,0.43872452,0.9029537,-0.16877854,0.49678636,-0.30691886,0.7629723
RF88,0.7733291,0.6353724,0.3385281,0.47419608,0.4772581,0.8983084,-0.04676485,0.5250707,-0.16846001,0.80128706
RF89,0.83103377,0.5786662,0.3569569,0.5499532,0.7342683,0.9254423,-1.0688696,0.11513388,0.034204543,0.76258063
RF90,0.76996386,0.61784786,0.2140193,0.51933753,0.30392438,0.9163728,-0.017105222,0.10536629,-0.11302805,0.7780858
RF91,0.7691722,0.56374586,0.09481895,0.47314602,0.38352323,0.9075915,-0.78547597,-0.03267312,-0.34663153,0.78207576
RF92,0.7298007,0.61166286,0.17583376,0.39903343,0.16913915,0.8898199,-0.48078036,0.50734603,0.2033484,0.78601515
RF93,0.7784195,0.5780169,0.1868152,0.4885128,0.547042,0.90368855,-0.025927544,0.10258275,-0.25802362,0.73770475
RF94,0.7767302,0.6881427,0.21659881,0.4528038,0.3933022,0.9048372,-0.5990269,0.47162676,0.5313341,0.80751216
RF95,0.77194446,0.6546638,0.49125516,0.46708173,0.2864052,0.9061068,-0.45891774,0.5996984,0.30967933,0.78692037
RF96,0.7448748,0.6237996,0.20571303,0.21932775,0.34623688,0.9226178,-0.79168713,0.14836729,0.44081652,0.7703829
RF97,0.7521877,0.6141696,0.27627814,0.30381238,0.5362473,0.89063543,-0.82779455,0.6414808,0.26082754,0.73190093
RF98,0.7733978,0.6093842,0.3083964,0.57314384,0.31941664,0.90198576,0.021884978,0.43629915,-0.274253,0.7795533
RF99,0.771937,0.5889107,0.24189103,0.4886099,0.4585992,0.9049761,0.25175804,0.54968375,-0.34384632,0.72228134
RF100,0.75591594,0.66232854,0.4002403,0.49636054,0.33138686,0.89478636,-0.114845395,0.84895515,0.21329874,0.76708925
