name,ipSAE_min,plddt,ipae,iptm,ptm,pae
RFantibody,0,79.60637282,2.41,0.33,0.59,18.43279289
RFantibody,0,78.12978783,1.46,0.5,0.58,18.84221499
RFantibody,0,77.8129813,1.17,0.39,0.54,19.88083323
RFantibody,0.193364,80.78078411,1.46,0.77,0.67,15.56710179
RFantibody,0.011918,79.24559606,1.5,0.41,0.59,18.30698878
RFantibody,0.039549,78.6116396,1.27,0.61,0.6,17.73441183
RFantibody,0,77.35048133,1.25,0.38,0.54,19.96164049
RFantibody,0,80.04438524,1.99,0.48,0.64,16.61779818
RFantibody,0.124892,81.29356537,1.22,0.7,0.67,15.43329871
RFantibody,0.020178,78.84587807,1.26,0.63,0.59,18.85337177
RFantibody,0.228712,80.36623675,1.3,0.8,0.67,16.05583378
RFantibody,0.355803,81.98481106,1.19,0.83,0.74,13.30759522
RFantibody,0.013533,77.31380352,1.64,0.54,0.61,17.60057967
RFantibody,0.053896,78.50382701,1.59,0.66,0.59,18.59182555
RFantibody,0.137182,80.07148046,1.27,0.71,0.66,16.12643386
RFantibody,0,79.06751908,1.31,0.44,0.61,17.11194849
RFantibody,0,79.70068775,1.07,0.5,0.59,18.4808855
RFantibody,0.191854,80.89070763,1.25,0.75,0.66,15.82772782
RFantibody,0.300573,79.94327832,1.2,0.81,0.62,17.66773857
RFantibody,0.012067,78.29994974,1.94,0.54,0.59,18.58739443
RFantibody,0,78.87343076,1.98,0.52,0.59,18.73396129
RFantibody,0,78.22012898,1.56,0.37,0.55,19.61136357
RFantibody,0.036432,80.19704777,1.37,0.61,0.63,16.7046115
RFantibody,0.138238,79.29924629,1.24,0.72,0.64,16.3281965
RFantibody,0,79.66780197,1.08,0.45,0.57,19.00403964
RFantibody,0.013653,78.0990208,1.17,0.43,0.55,20.05054598
RFantibody,0.161192,80.21054184,1.25,0.7,0.68,15.13117345
RFantibody,0.011818,77.6182716,1.59,0.42,0.62,17.6546106
RFantibody,0,78.74325196,1.35,0.36,0.54,20.23741244
RFantibody,0,77.9876575,1.34,0.43,0.55,20.12447321
RFantibody,0,78.03850595,1.25,0.42,0.59,18.18421951
RFantibody,0.192254,79.75355494,1.29,0.71,0.65,16.29927443
RFantibody,0,78.13892556,1.32,0.31,0.58,18.70832487
RFantibody,0,77.54914762,1.22,0.36,0.58,18.54582446
RFantibody,0,77.72713816,1.19,0.33,0.59,18.91461877
RFantibody,0.015425,80.01565105,1.46,0.51,0.58,19.1242751
RFantibody,0.012654,78.8570328,1.15,0.56,0.54,18.51035679
RFantibody,0,77.19200414,1.63,0.45,0.58,19.02392087
RFantibody,0.052055,79.67082159,1.81,0.65,0.61,18.32520256
RFantibody,0.012499,78.71537072,1.48,0.59,0.57,18.90144563
RFantibody,0.013139,79.67839258,1.47,0.51,0.62,16.89911846
RFantibody,0.383045,82.28727273,1.19,0.87,0.68,15.33622945
RFantibody,0.013085,79.239393,1.27,0.48,0.56,19.49529986
RFantibody,0,78.7837872,2.36,0.38,0.61,17.64196935
RFantibody,0.013604,78.88343583,1.69,0.55,0.58,19.01591448
RFantibody,0.042424,79.18720221,1.24,0.63,0.61,17.71397581
RFantibody,0.016777,80.617594,1.53,0.59,0.66,16.21976734
RFantibody,0,79.41553144,1.43,0.51,0.61,17.6738837
RFantibody,0.012067,80.43899708,1.17,0.55,0.63,16.61078255
RFantibody,0,78.09344941,1.48,0.33,0.54,20.19601964
RFantibody,0.013746,78.12264929,1.38,0.55,0.6,18.25916147
RFantibody,0,78.2435991,1.12,0.3,0.55,19.33608644
RFantibody,0.187966,80.27206671,1.24,0.79,0.61,17.81290305
RFantibody,0.012071,78.30372556,1.23,0.38,0.56,19.49448285
RFantibody,0.013081,80.3922548,1.79,0.49,0.63,16.81164587
RFantibody,0.208253,80.7842619,1.39,0.74,0.67,15.48841994
RFantibody,0,78.48592931,1.44,0.34,0.54,20.23851398
RFantibody,0.01509,79.97665223,1.55,0.43,0.62,17.23000325
RFantibody,0.017484,81.32706289,1.18,0.58,0.65,15.88255053
RFantibody,0.012325,79.61152768,1.21,0.33,0.59,18.27320542
RFantibody,0.014718,79.45036022,1.17,0.47,0.6,17.83952615
RFantibody,0,79.12794845,2.12,0.35,0.61,17.7821292
RFantibody,0.013604,80.25674119,1.72,0.6,0.62,17.45027861
RFantibody,0,77.70758984,1.59,0.39,0.56,19.81112697
RFantibody,0.309492,80.23070676,1.19,0.78,0.7,14.56457651
RFantibody,0,77.69875841,1.8,0.28,0.56,19.39547187
RFantibody,0.109735,80.62389787,1.18,0.71,0.67,15.45064244
RFantibody,0.128726,81.02174469,1.13,0.74,0.66,16.11326916
RFantibody,0.020228,77.74051295,1.2,0.66,0.57,19.44347039
RFantibody,0,78.02773719,1.38,0.33,0.53,20.39635211
RFantibody,0.018887,78.25741651,1.3,0.68,0.58,18.59208659
RFantibody,0.234866,80.74872502,1.26,0.77,0.67,15.7014813
RFantibody,0.352554,80.34942489,1.15,0.82,0.63,17.29425636
RFantibody,0.016925,79.46628675,1.14,0.63,0.63,17.319286
RFantibody,0.012325,78.51100697,1.7,0.52,0.58,18.86477072
RFantibody,0.013447,80.18474789,1.19,0.4,0.59,18.20553724
RFantibody,0.159266,80.34539619,1.34,0.74,0.69,15.04380306
RFantibody,0,78.11047545,1.52,0.49,0.63,17.03074519
RFantibody,0.241795,78.91782183,1.19,0.8,0.64,16.85128665
RFantibody,0.107721,79.52909296,1.57,0.68,0.66,15.85605872
RFantibody,0.015984,76.88785914,2.16,0.57,0.57,19.29069049
RFantibody,0.01549,79.97939325,1.53,0.5,0.62,17.30983919
RFantibody,0.028644,79.89632508,1.2,0.63,0.6,18.25633176
RFantibody,0,76.7890936,1.52,0.31,0.51,21.23877469
RFantibody,0,77.05096996,1.29,0.29,0.55,19.41248772
RFantibody,0.186212,79.4752207,1.39,0.72,0.61,17.80915294
RFantibody,0.013443,79.24117227,1.56,0.61,0.61,17.86353227
RFantibody,0,78.41334485,1.91,0.51,0.64,16.96844964
RFantibody,0.189845,80.01100191,1.2,0.73,0.61,17.7799297
RFantibody,0.241421,80.95310225,1.27,0.81,0.67,15.47746371
RFantibody,0,79.24747138,1.1,0.4,0.61,17.77951013
RFantibody,0,78.44403521,2.06,0.27,0.56,19.51348432
RFantibody,0.067398,80.15584854,1.4,0.62,0.62,17.7625664
RFantibody,0.014043,78.39982339,1.33,0.63,0.63,17.73524363
RFantibody,0,78.17477676,1.6,0.27,0.55,19.64809205
RFantibody,0,80.19791286,1.37,0.53,0.65,16.32677488
RFantibody,0,79.55458556,1.21,0.33,0.55,19.54842849
RFantibody,0,79.23421503,1.61,0.48,0.63,17.20258276
RFantibody,0.134834,79.58515209,1.27,0.71,0.61,17.81054894
RFantibody,0.014705,78.69166897,1.46,0.57,0.59,18.57193528
Ladderpath,0.013064,80.52009601,1.21,0.62,0.65,16.39762436
Ladderpath,0.293563,80.79831075,1.24,0.8,0.68,15.27288788
Ladderpath,0,79.81040589,1.25,0.32,0.54,19.8856883
Ladderpath,0,78.5597276,1.18,0.27,0.54,19.93772001
Ladderpath,0.450966,82.79345308,1.14,0.86,0.69,14.60124273
Ladderpath,0.415982,81.93717843,1.11,0.87,0.69,14.86203142
Ladderpath,0.012866,77.58618696,1.22,0.5,0.57,19.00225261
Ladderpath,0.013476,80.12968557,1.24,0.56,0.65,16.14649736
Ladderpath,0.23323,80.50900771,1.23,0.73,0.63,17.22992034
Ladderpath,0.211697,80.53691049,1.26,0.7,0.7,14.47214898
Ladderpath,0.012549,80.64317417,1.12,0.64,0.64,16.54758125
Ladderpath,0.103003,79.38533664,1.11,0.66,0.62,17.54601385
Ladderpath,0.261305,81.39844092,1.05,0.79,0.69,15.67836902
Ladderpath,0.197384,80.84848225,1.16,0.73,0.69,15.11718984
Ladderpath,0.014869,79.90586774,1.2,0.54,0.64,16.70512051
Ladderpath,0,77.59038903,1.07,0.28,0.51,21.17687699
Ladderpath,0,79.06861586,1.08,0.28,0.55,19.47360663
Ladderpath,0,79.05314878,1.23,0.31,0.57,18.81903077
Ladderpath,0.01276,79.01527882,1.26,0.63,0.61,18.08010801
Ladderpath,0.011739,80.14825236,1.07,0.46,0.57,19.05075156
Ladderpath,0,77.8450171,1.2,0.35,0.57,18.92416429
Ladderpath,0,77.8380041,1.18,0.46,0.56,19.63766721
Ladderpath,0.013225,80.37826614,1.26,0.63,0.62,17.51497183
Ladderpath,0.395154,82.06981491,1.17,0.88,0.69,14.67580851
Ladderpath,0.109506,81.13349092,1.37,0.71,0.64,16.39818844
Ladderpath,0.210237,80.78208881,1.24,0.72,0.64,17.12394528
Ladderpath,0.131601,79.76098558,1.12,0.69,0.66,15.92895233
Ladderpath,0.012591,78.68039623,1.29,0.5,0.59,18.48236068
Ladderpath,0.17466,81.65471792,1.18,0.73,0.66,15.67309493
Ladderpath,0.072521,80.52306396,1.19,0.63,0.63,16.66744875
Ladderpath,0.404167,81.45231718,1.19,0.87,0.67,15.34194357
Ladderpath,0,78.82733868,1.16,0.5,0.56,19.50828132
Ladderpath,0.117359,79.96170009,1.37,0.71,0.6,18.25612471
Ladderpath,0.29492,80.01013395,1.18,0.81,0.63,17.41633251
Ladderpath,0,77.63814479,1.41,0.29,0.53,20.62414677
Ladderpath,0.326849,81.99100206,1.19,0.82,0.69,15.01682425
Ladderpath,0,80.05672078,1.14,0.29,0.56,19.15969418
Ladderpath,0,78.4677089,1.15,0.36,0.6,18.26938346
Ladderpath,0,78.74674662,1.21,0.51,0.62,17.31487099
Ladderpath,0.017311,77.45811056,1.34,0.57,0.59,18.32353766
Ladderpath,0,79.62592497,1.2,0.35,0.58,18.53342134
Ladderpath,0.258576,80.12737573,1.16,0.75,0.7,14.60776682
Ladderpath,0,79.13214028,1.16,0.36,0.55,19.84433339
Ladderpath,0.277134,81.24295789,1.38,0.79,0.69,14.8775408
Ladderpath,0.013787,79.41638856,1.16,0.58,0.61,17.87240667
Ladderpath,0.359271,80.18867044,1.17,0.83,0.68,15.47312756
Ladderpath,0.217963,80.76865536,1.18,0.76,0.66,16.1424303
Ladderpath,0.418395,80.95015211,1.11,0.87,0.66,16.30657782
Ladderpath,0.013107,77.9940969,1.2,,,19.70074033
Ladderpath,0.026593,78.6971171,1.28,0.53,0.58,18.79541285
Ladderpath,0.216357,80.03563768,1.14,0.57,0.63,16.92518547
Ladderpath,0.316522,80.26370148,1.25,0.75,0.63,17.64846086
Ladderpath,0,77.23686731,1.13,0.29,0.55,19.7212586
Ladderpath,0.195608,81.97817933,1.28,0.81,0.67,15.45142476
Ladderpath,0.015267,81.20183094,1.65,0.76,0.67,15.60691181
Ladderpath,0,80.63573821,1.09,0.67,0.61,18.0598195
Ladderpath,0,78.28239475,1.37,0.28,0.55,19.61737039
Ladderpath,0.013395,79.52925977,1.2,0.29,0.56,19.03999559
Ladderpath,0.012591,80.38805993,1.32,0.62,0.67,15.68822163
Ladderpath,0,79.42768414,1.33,0.44,0.61,17.4017934
Ladderpath,0,77.87363996,1.16,0.45,0.56,19.62024447
Ladderpath,0.335665,79.43564682,1.22,0.31,0.56,19.48980012
Ladderpath,0,82.02596854,1.2,0.82,0.68,14.96168926
Ladderpath,0,77.297671,1.3,0.43,0.56,19.1316068
Ladderpath,0.37343,79.58814916,1.09,0.47,0.61,17.54616081
Ladderpath,0.317055,81.33138367,1.03,0.83,0.7,15.6884482
Ladderpath,0,81.65105101,1.18,0.81,0.67,15.43218516
Ladderpath,0,78.58443855,1.16,0.29,0.55,19.38534876
Ladderpath,0.416124,81.10768689,1.18,0.82,0.68,15.29377919
Ladderpath,0.226658,81.40287303,1.18,0.77,0.66,15.68761683
Ladderpath,0,80.87546236,1.14,0.87,0.63,16.95486856
Ladderpath,0.019273,79.21566306,1.31,0.3,0.55,19.90363579
Ladderpath,0.312763,80.31537579,1.1,0.61,0.6,17.75379795
Ladderpath,0.342903,82.45667637,1.17,0.84,0.68,14.81448409
Ladderpath,0.181802,81.91393361,1.15,0.84,0.68,15.16655241
Ladderpath,0,78.96325545,1.25,0.76,0.6,18.37114593
Ladderpath,0.293264,80.57521449,1.09,0.78,0.67,15.79903383
Ladderpath,0.458886,83.02788508,1.19,0.87,0.71,14.07530671
Ladderpath,0.287046,81.72644155,1.12,0.8,0.68,15.07450572
Ladderpath,0,79.96925913,1.3,0.81,0.68,15.26371977
Ladderpath,0,78.80311464,1.29,0.29,0.51,21.04560892
Ladderpath,0,78.31816795,1.15,0.28,0.51,20.90416672
Ladderpath,0,79.11547851,1.22,0.47,0.6,18.0293946
Ladderpath,0.310911,78.0312294,1.21,0.46,0.56,19.73149428
Ladderpath,0,81.44319266,1.29,0.8,0.69,15.20097126
Ladderpath,0.426899,82.218456,1.14,0.85,0.7,14.47200109
Ladderpath,0.016341,79.37350955,1.1,0.43,0.57,19.2352908
Ladderpath,0.352109,79.20932763,1.19,0.62,0.6,17.79599446
Ladderpath,0.011609,79.53767394,1.23,0.83,0.63,17.44809557
Ladderpath,0.348897,77.59442031,1.15,0.55,0.55,19.79025438
Ladderpath,0.252473,80.16561473,1.18,0.81,0.65,16.9531971
Ladderpath,0.300642,81.6567639,1.21,0.8,0.68,15.46361643
Ladderpath,0.011116,82.60146587,1.27,0.81,0.68,14.99500104
Ladderpath,0.415407,78.05795069,1.31,0.45,0.57,19.32424618
Ladderpath,0,82.56005836,1.17,0.86,0.69,14.62552442
Ladderpath,0,79.90654037,1.27,0.47,0.6,18.10104419
Ladderpath,0.291085,78.73469531,1.33,0.31,0.57,18.88253153
Ladderpath,0,80.45286644,1.29,0.79,0.67,15.79055979
Ladderpath,0.335126,80.42865881,1.53,0.45,0.61,17.49017674
Ladderpath,0.34,81.11696581,1.33,0.8,0.65,16.7882833
